Tool,R47H,R62H,D87N,Y38C,V126G
DynaMut2,-0.99,-1.03,0.15,-1.82,-2.79
DDMUT,-0.77,0.09,-0.71,-1.93,-3.14
PremPS,-0.57,-0.38,0.16,-1.37,-2.45
MAESTRO,-0.843,-0.504,0.043,-0.683,-2.898
DeepDDG,-0.921,-0.068,-0.337,-1.455,-1.678
INPS-MD,-0.6663935,0.1471698,-0.0730616,-1.838855,-3.952945
